<?xml version="1.0" encoding="UTF-8"?>
<project-private xmlns="http://www.netbeans.org/ns/project-private/1">
    <editor-bookmarks xmlns="http://www.netbeans.org/ns/editor-bookmarks/2" lastBookmarkId="0"/>
    <open-files xmlns="http://www.netbeans.org/ns/projectui-open-files/2">
        <group>
            <file>file:/C:/Users/migue/OneDrive/Documentos/Engenharia%20Informática/3º%20Ano/2º%20Semestre/Multimédia%20II/Projeto/ProjetoRLE/src/rle/Pixel.java</file>
            <file>file:/C:/Users/migue/OneDrive/Documentos/Engenharia%20Informática/3º%20Ano/2º%20Semestre/Multimédia%20II/Projeto/ProjetoRLE/src/rle/RLE.java</file>
        </group>
    </open-files>
</project-private>
